{
  "page1": [
    { "id": 1, "date": "20.03.2020", "category": "Food", "price": 169 },
    { "id": 2, "date": "21.03.2020", "category": "Navigation", "price": 50 },
    { "id": 3, "date": "22.03.2020", "category": "Sport", "price": 450 }
  ],
  "page2": [
    { "id": 4, "date": "23.03.2020", "category": "Entertaiment", "price": 969 },
    { "id": 5, "date": "24.03.2020", "category": "Education", "price": 1500 },
    { "id": 6, "date": "25.03.2020", "category": "Food", "price": 200 }
  ],
  "page3": [ 
             {
               "id": 7, "date": "28.03.2020",
        "category": "Food",
        "price": 169
      },
      {
        "id": 8, "date": "24.03.2020",
        "category": "Transport",
        "price": 360
      },
      {
        "id": 9, "date": "24.03.2020",
        "category": "Food",
        "price": 532
      }]
}